{"cameraMode":{"drawMode":0,"name":"Shaded","section":"Shading Mode"},"sceneLighting":true,"audioPlay":false,"sceneViewState":{"showFog":true,"showMaterialUpdate":false,"showSkybox":true,"showFlares":true,"showImageEffects":true,"showParticleSystems":true},"in2DMode":false,"pivot":{"x":190.3133544921875,"y":226.8308868408203,"z":-127.16236877441406},"rotation":{"x":-0.30672505497932436,"y":-0.2264210432767868,"z":0.07529553025960922,"w":-0.921483039855957},"size":82.34854888916016,"orthographic":true}