{"cameraMode":{"drawMode":0,"name":"Shaded","section":"Shading Mode"},"sceneLighting":false,"audioPlay":false,"sceneViewState":{"showFog":true,"showMaterialUpdate":false,"showSkybox":false,"showFlares":true,"showImageEffects":true,"showParticleSystems":true},"in2DMode":false,"pivot":{"x":20.78530502319336,"y":5.896724700927734,"z":-13.920722007751465},"rotation":{"x":-0.26751595735549929,"y":-0.18901892006397248,"z":0.05355238914489746,"w":-0.9433810710906982},"size":18.844039916992189,"orthographic":false}