{"cameraMode":{"drawMode":0,"name":"Shaded","section":"Shading Mode"},"sceneLighting":false,"audioPlay":false,"sceneViewState":{"showFog":true,"showMaterialUpdate":false,"showSkybox":false,"showFlares":true,"showImageEffects":true,"showParticleSystems":true},"in2DMode":false,"pivot":{"x":72.54534912109375,"y":-3.250133514404297,"z":56.78070831298828},"rotation":{"x":-0.30364492535591128,"y":-0.5666130781173706,"z":0.23610207438468934,"w":-0.7287130355834961},"size":12.201604843139649,"orthographic":false}