{"cameraMode":{"drawMode":0,"name":"Shaded","section":"Shading Mode"},"sceneLighting":false,"audioPlay":false,"sceneViewState":{"showFog":true,"showMaterialUpdate":false,"showSkybox":false,"showFlares":true,"showImageEffects":true,"showParticleSystems":true},"in2DMode":false,"pivot":{"x":1.6736552715301514,"y":3.0246121883392336,"z":4.6558403968811039},"rotation":{"x":-0.21243321895599366,"y":-0.5497801899909973,"z":0.14702443778514863,"w":-0.7943662405014038},"size":5.266453742980957,"orthographic":false}