{"cameraMode":{"drawMode":0,"name":"Shaded","section":"Shading Mode"},"sceneLighting":false,"audioPlay":false,"sceneViewState":{"showFog":true,"showMaterialUpdate":false,"showSkybox":false,"showFlares":true,"showImageEffects":true,"showParticleSystems":true},"in2DMode":false,"pivot":{"x":539.1438598632813,"y":340.8255310058594,"z":96.60997772216797},"rotation":{"x":-0.0392826609313488,"y":-0.029376627877354623,"z":0.0011566875036805869,"w":-0.9988043904304504},"size":399.19696044921877,"orthographic":false}