{"cameraMode":{"drawMode":0,"name":"Shaded","section":"Shading Mode"},"sceneLighting":false,"audioPlay":false,"sceneViewState":{"showFog":true,"showMaterialUpdate":false,"showSkybox":false,"showFlares":true,"showImageEffects":true,"showParticleSystems":true},"in2DMode":false,"pivot":{"x":452.0015869140625,"y":415.2865905761719,"z":-71.99980163574219},"rotation":{"x":-0.025798654183745385,"y":-0.024892015382647516,"z":0.0006426197360269725,"w":-0.9993587732315064},"size":282.3497314453125,"orthographic":false}