{"cameraMode":{"drawMode":0,"name":"Shaded","section":"Shading Mode"},"sceneLighting":false,"audioPlay":false,"sceneViewState":{"showFog":true,"showMaterialUpdate":false,"showSkybox":false,"showFlares":true,"showImageEffects":true,"showParticleSystems":true},"in2DMode":false,"pivot":{"x":-103.52915954589844,"y":0.5037118792533875,"z":8.763978958129883},"rotation":{"x":0.06048993393778801,"y":0.9396249651908875,"z":-0.23622074723243714,"w":0.24038591980934144},"size":17.354442596435548,"orthographic":true}