{"cameraMode":{"drawMode":0,"name":"Shaded","section":"Shading Mode"},"sceneLighting":false,"audioPlay":false,"sceneViewState":{"showFog":true,"showMaterialUpdate":false,"showSkybox":false,"showFlares":true,"showImageEffects":true,"showParticleSystems":true},"in2DMode":false,"pivot":{"x":-14.250378608703614,"y":21.01935386657715,"z":-1.1740825176239014},"rotation":{"x":-0.37762629985809328,"y":-0.5664132237434387,"z":0.32604336738586428,"w":-0.656019926071167},"size":19.308502197265626,"orthographic":false}