{"cameraMode":{"drawMode":0,"name":"Shaded","section":"Shading Mode"},"sceneLighting":false,"audioPlay":false,"sceneViewState":{"showFog":true,"showMaterialUpdate":false,"showSkybox":false,"showFlares":true,"showImageEffects":true,"showParticleSystems":true},"in2DMode":false,"pivot":{"x":13.829925537109375,"y":-29.012725830078126,"z":3.521380662918091},"rotation":{"x":-0.3918234705924988,"y":-0.5891257524490356,"z":0.39302074909210207,"w":-0.5873591899871826},"size":24.19289207458496,"orthographic":false}