{"cameraMode":{"drawMode":0,"name":"Shaded","section":"Shading Mode"},"sceneLighting":false,"audioPlay":false,"sceneViewState":{"showFog":true,"showMaterialUpdate":false,"showSkybox":false,"showFlares":true,"showImageEffects":true,"showParticleSystems":true},"in2DMode":false,"pivot":{"x":453.17498779296877,"y":287.904296875,"z":43.313743591308597},"rotation":{"x":-0.12070821225643158,"y":-0.11380208283662796,"z":0.01393250934779644,"w":-0.9860546588897705},"size":440.0242614746094,"orthographic":false}