{"cameraMode":{"drawMode":0,"name":"Shaded","section":"Shading Mode"},"sceneLighting":false,"audioPlay":false,"sceneViewState":{"showFog":true,"showMaterialUpdate":false,"showSkybox":false,"showFlares":true,"showImageEffects":true,"showParticleSystems":true},"in2DMode":false,"pivot":{"x":-5.441941738128662,"y":3.7230777740478517,"z":0.33027029037475588},"rotation":{"x":-0.19359199702739716,"y":-0.6812734007835388,"z":0.19427144527435304,"w":-0.6787796020507813},"size":2.5950543880462648,"orthographic":false}